timestamp,reconstruction_error,actual_fault,predicted_fault
0,0.4386710501903047,0,0
1,0.4378718319747422,0,0
2,0.423527773479232,0,0
3,0.408189755173166,0,0
4,0.3998824361894543,0,0
5,0.39530585062205836,0,0
6,0.38949683841380817,0,0
7,0.38750131473004057,0,0
8,0.3943694416390434,0,0
9,0.3889232866035607,0,0
10,0.38442041040929364,0,0
11,0.38503312299672815,0,0
12,0.3802372828019952,0,0
13,0.38261133033975925,0,0
14,0.3828912330446602,0,0
15,0.39092854442332625,0,0
16,0.39686598245517707,0,0
17,0.4036492560875262,0,0
18,0.40061342208387113,0,0
19,0.3953710661729303,0,0
20,0.3942342121825852,0,0
21,0.39177686448405413,0,0
22,0.39594917140331254,0,0
23,0.4051155723175804,0,0
24,0.4183001554094625,0,0
25,0.42480165755736815,0,0
26,0.41561080329622385,0,0
27,0.4155780117314204,0,0
28,0.41584229472525497,0,0
29,0.4119725594641864,0,0
30,0.4063960650844982,0,0
31,0.3994668941983173,0,0
32,0.39763361687780724,0,0
33,0.39508653515647263,0,0
34,0.3907013407017128,0,0
35,0.38710822079781837,0,0
36,0.3929234833205981,0,0
37,0.39057736965543566,0,0
38,0.3842422301486964,0,0
39,0.39907017742665696,0,0
40,0.41581924509185364,0,0
41,0.42450034569335865,0,0
42,0.4283611629722539,0,0
43,0.4311104694345628,0,0
44,0.4364508199000296,0,0
45,0.438700638061312,0,0
46,0.437897219117164,0,0
47,0.43701926643873523,0,0
48,0.4386797696105965,0,0
49,0.44336307404355424,0,0
50,0.4452207410846102,0,0
51,0.45211586991969305,0,0
52,0.4568834695675559,0,0
53,0.45481353886456677,0,0
54,0.454087317242572,0,0
55,0.4573477562965762,0,0
56,0.4546202061664273,0,0
57,0.4509911622589519,0,0
58,0.44849216142583137,0,0
59,0.4506783126830224,0,0
60,0.46356701286312557,0,0
61,0.46834888260938146,0,0
62,0.46375665941413236,0,0
63,0.46613973954888305,0,0
64,0.4671559670606724,0,0
65,0.4711719889642796,0,0
66,0.4696234176421648,0,0
67,0.4690362945800378,0,0
68,0.47293423469420026,0,0
69,0.4657549901840945,0,0
70,0.4637666304314879,0,0
71,0.455083904329316,0,0
72,0.448508903764914,0,0
73,0.44297074759901894,0,0
74,0.4367572598176198,0,0
75,0.4257980274704808,0,0
76,0.4220827501447588,0,0
77,0.41844561909290573,0,0
78,0.41673695787381937,0,0
79,0.425634773033804,0,0
80,0.4360783590889872,1,0
81,0.46653078364925576,0,0
82,0.4777233646793009,0,0
83,0.48517482914270255,0,1
84,0.5063788246017119,0,1
85,0.5183303619230886,0,1
86,0.5196935689920698,0,1
87,0.5281469112735384,0,1
88,0.5247086817381137,0,1
89,0.5275188454108908,0,1
90,0.5178801968970884,0,1
91,0.5151713751109191,0,1
92,0.5160644098149648,0,1
93,0.5147260047857503,0,1
94,0.5125013149876403,0,1
95,0.5010560665255959,0,1
96,0.5001277167148986,0,1
97,0.49628815515629054,0,1
98,0.4947279192012088,0,1
99,0.49246901428564105,0,1
100,0.48802629908069983,0,1
101,0.4908333042614246,0,1
102,0.49364168968137534,0,1
103,0.49329452658116585,0,1
104,0.491682048950654,0,1
105,0.4888194111424498,0,1
106,0.48733495549688244,0,1
107,0.48801909795787357,0,1
108,0.49159697920743306,0,1
109,0.4957733910258343,0,1
110,0.4947265287283771,0,1
111,0.48181202078476043,0,0
112,0.48835265656962384,0,1
113,0.4899700545447454,0,1
114,0.4739603419700086,0,0
115,0.46217979738297127,0,0
116,0.44584485972102544,0,0
117,0.43199779177988334,0,0
118,0.41723066197685577,0,0
119,0.40092596843287476,0,0
120,0.3874315126561779,0,0
121,0.37252598378418833,0,0
122,0.36159111031242624,0,0
123,0.3569539949991655,0,0
124,0.35898398675578763,0,0
125,0.36097053991011535,0,0
126,0.36472295534832616,0,0
127,0.3629847074184261,0,0
128,0.35856497854105235,0,0
129,0.36161324817400214,0,0
130,0.3630838757712261,0,0
131,0.36354920412853514,0,0
132,0.3632346285947427,0,0
133,0.36233452684411316,0,0
134,0.36105835957152044,0,0
135,0.3563730308749859,0,0
136,0.35818683786569466,0,0
137,0.354123334192029,0,0
138,0.35374615354964006,0,0
139,0.358242367540692,0,0
140,0.3598322265937664,0,0
141,0.36007183928755243,0,0
142,0.35888046132652446,0,0
143,0.35862297822641276,0,0
144,0.36285779793324763,0,0
145,0.36564867240379595,0,0
146,0.36831969954047067,0,0
147,0.3717459798218059,0,0
148,0.37973859792928427,0,0
149,0.3885565274126975,0,0
150,0.3916061044539223,0,0
151,0.4019124922003534,0,0
152,0.40914674967158815,0,0
153,0.4161807919970234,0,0
154,0.4301385794721835,0,0
155,0.4366541075543702,0,0
156,0.4394880646491592,0,0
157,0.44512045637694153,0,0
158,0.44511074813702944,0,0
159,0.45089188284471154,0,0
160,0.4536384798116889,0,0
161,0.4500947877047363,1,0
162,0.46147569331423444,0,0
163,0.4658679522201985,0,0
164,0.47084850618540947,1,0
165,0.4914397310596774,0,1
166,0.49722847309665524,0,1
167,0.5013034942096459,0,1
168,0.507385269574714,1,1
169,0.5321984213735074,0,1
170,0.5486285671430565,0,1
171,0.557440657314663,0,1
172,0.5610651734487655,0,1
173,0.5518331653455919,0,1
174,0.5444696115608155,0,1
175,0.5362264423171996,0,1
176,0.5374502723329386,0,1
177,0.5344940064610259,0,1
178,0.5359295537143817,0,1
179,0.5355126877813218,0,1
180,0.5373389486120179,0,1
181,0.529490443799137,0,1
182,0.5290378485936049,0,1
183,0.5268800911375152,0,1
184,0.5160527568063601,0,1
185,0.5100698559152187,0,1
186,0.502453217372209,0,1
187,0.4925509889143081,0,1
188,0.4903367225661461,0,1
189,0.47332088158497826,0,0
190,0.46438649833943574,0,0
191,0.4542382920464021,0,0
192,0.42701990045346144,0,0
193,0.41975370221644415,0,0
194,0.40939684172544105,0,0
195,0.38984716157167415,0,0
196,0.384102629090577,0,0
197,0.3819894960298912,0,0
198,0.3800157518989522,0,0
199,0.36349612346517024,0,0
200,0.3652481271217887,0,0
201,0.36327114930686843,0,0
202,0.3621699706626067,0,0
203,0.36732658209047436,0,0
204,0.3627329909266568,0,0
205,0.3621078878897844,0,0
206,0.361184905860371,0,0
207,0.3657842314920939,0,0
208,0.3692964127762791,0,0
209,0.37001246209387323,0,0
210,0.3723516922137329,0,0
211,0.3851684201088021,0,0
212,0.39449902967972666,0,0
213,0.40158102921563665,0,0
214,0.40987276327426825,1,0
215,0.428556932837768,0,0
216,0.43789834473867884,0,0
217,0.43949971416246486,0,0
218,0.44419246265944556,0,0
219,0.4433466360646884,0,0
220,0.4412288858766202,0,0
221,0.4499356846865032,0,0
222,0.45076527713418846,0,0
223,0.45137561631294215,0,0
224,0.45091152646334254,0,0
225,0.4507153581744814,0,0
226,0.45506737283516,0,0
227,0.4534470803095215,0,0
228,0.45239197194856373,0,0
229,0.45052936332814403,0,0
230,0.4475882831228664,0,0
231,0.4476776011891797,0,0
232,0.45200638544852023,0,0
233,0.45653368065374694,0,0
234,0.4619055682023527,0,0
235,0.4694291387042226,0,0
236,0.47680933715114204,0,0
237,0.4836403271721733,0,0
238,0.48589017278194124,0,1
239,0.49541446925425825,0,1
240,0.49738597820056785,0,1
241,0.4988257324144567,0,1
242,0.4929280792882659,0,1
243,0.49225591562299953,0,1
244,0.49189419590142175,0,1
245,0.4763539271285964,0,0
246,0.47055951997826156,0,0
247,0.47204837242870673,0,0
248,0.46415806620890954,0,0
249,0.4695447534008197,0,0
250,0.47001965830826464,0,0
251,0.46038246587079734,0,0
252,0.45764086261355114,0,0
253,0.4537151115598463,0,0
254,0.4617454153710797,0,0
255,0.47091977740571805,0,0
256,0.4681528715385221,0,0
257,0.46533955676533684,0,0
258,0.464438688724891,0,0
259,0.46182352185932524,0,0
260,0.4577294686743286,0,0
261,0.4540619770525949,0,0
262,0.44285953894095803,0,0
263,0.43670287485249454,0,0
264,0.43036046852557,0,0
265,0.42843041689304634,0,0
266,0.4199987654917543,0,0
267,0.41173635485349536,0,0
268,0.41610576154394946,0,0
269,0.4109650058255117,0,0
270,0.41005915520500336,0,0
271,0.40380800752104307,0,0
272,0.40359213216980383,0,0
273,0.40596592553479716,0,0
274,0.40513846330051106,0,0
275,0.406917696051027,0,0
276,0.4104479219153426,1,0
277,0.4196811654942569,0,0
278,0.41739795900172666,0,0
279,0.40674662898839337,0,0
280,0.3997204126071133,0,0
281,0.39637695109831833,0,0
282,0.3859757671841202,0,0
283,0.38228235204487215,0,0
284,0.38003937927241144,0,0
285,0.3768001174670254,0,0
286,0.37028159270915056,0,0
287,0.37379038537819465,0,0
288,0.37257106115551064,0,0
289,0.370656885151388,0,0
290,0.37010184353861714,0,0
291,0.3665287122829012,0,0
292,0.37943300861262197,0,0
293,0.38109711772044635,0,0
294,0.39117287058529654,0,0
295,0.3887484492486478,0,0
296,0.3939492072727851,0,0
297,0.40019676717687985,0,0
298,0.3985908227799432,0,0
299,0.3949961917024096,0,0
300,0.3932010987441525,0,0
301,0.39348896142995815,0,0
302,0.4041895663037148,0,0
303,0.4160503431377942,0,0
304,0.42694125257622784,0,0
305,0.4540517886501947,0,0
306,0.46606976372632836,0,0
307,0.4608143511608244,0,0
308,0.4685129765952212,0,0
309,0.4695183590623477,0,0
310,0.4692551944326559,0,0
311,0.46546989691315704,0,0
312,0.4615721059454613,0,0
313,0.45431821806883504,0,0
314,0.45085704023675566,0,0
315,0.4468381758947609,0,0
316,0.44911488575539554,0,0
317,0.4531185567521325,0,0
318,0.4545651304634445,0,0
319,0.4548130590273704,0,0
320,0.45402113974857594,0,0
321,0.45616201459026945,0,0
322,0.4500272667957102,0,0
323,0.44872517941786794,0,0
324,0.44174913007975125,0,0
325,0.4360212565193041,0,0
326,0.43365734233580405,1,0
327,0.45701886592252594,0,0
328,0.4537823911094977,0,0
329,0.4557979544148079,0,0
330,0.4545265926051523,0,0
331,0.4564250034435018,0,0
332,0.453932575906212,0,0
333,0.4573699795444749,0,0
334,0.4635787412299055,0,0
335,0.4581193001946176,0,0
336,0.4540914447137342,0,0
337,0.4479757713973853,0,0
338,0.4394220456219407,0,0
339,0.4381531735379547,0,0
340,0.42802783912968256,0,0
341,0.42096269632584327,0,0
342,0.4234621170839167,0,0
343,0.42384598789269473,0,0
344,0.42798577746029,0,0
345,0.4273852405880821,0,0
346,0.42879079718219276,0,0
347,0.4266929930062327,0,0
348,0.4244159367185264,0,0
349,0.4215646548782245,0,0
350,0.4186834294704599,0,0
351,0.41595383688800536,0,0
352,0.4250156066072879,0,0
353,0.4319769230590047,0,0
354,0.43427458098426946,0,0
355,0.44413024343661706,0,0
356,0.4466080463659059,0,0
357,0.43264086857852596,0,0
358,0.4383692444741741,0,0
359,0.4399156260365655,0,0
360,0.4389848301658782,0,0
361,0.4337074905592758,0,0
362,0.42580513234799217,0,0
363,0.4201153774637707,0,0
364,0.4136055014648311,0,0
365,0.40822703130432575,0,0
366,0.4027474725261893,0,0
367,0.4052068525815575,1,0
368,0.4435340229063568,0,0
369,0.4514151798650059,0,0
370,0.46096536387247905,0,0
371,0.4704322302490837,0,0
372,0.47454144716279584,0,0
373,0.4846360724013358,0,1
374,0.474670018905683,0,0
375,0.4740573837831533,0,0
376,0.47117635716802353,0,0
377,0.4717123730316411,0,0
378,0.47853809636899713,0,0
379,0.4851532385560876,0,1
380,0.4853074577865813,0,1
381,0.4883344433551984,0,1
382,0.48784101284669884,0,1
383,0.48726457384242483,0,1
384,0.4979973227628296,0,1
385,0.49475727534296476,0,1
386,0.5012254890478982,0,1
387,0.5088043151957627,0,1
388,0.5148947246095417,0,1
389,0.5198488872331845,0,1
390,0.5150863970260053,0,1
391,0.5136009070131056,0,1
392,0.5167814106551604,0,1
393,0.5164224490776699,0,1
394,0.5180633596613858,0,1
395,0.5247753819210007,0,1
396,0.5297181852428549,0,1
397,0.5377558994103253,0,1
398,0.5159857236903341,0,1
399,0.5094070728087482,0,1
400,0.5141884740512491,0,1
401,0.5116880184912386,0,1
402,0.49985814803354334,0,1
403,0.48738509675656777,0,1
404,0.4831010776992541,0,0
405,0.47466468493453634,0,0
406,0.4672155625415859,1,0
407,0.4778380990243476,0,0
408,0.47357586917654315,0,0
409,0.46392029243839356,0,0
410,0.46899179233072374,0,0
411,0.4697802207632795,0,0
412,0.4701218930738244,0,0
413,0.47144033145704095,0,0
414,0.4742899245030067,0,0
415,0.476164972124265,0,0
416,0.4900592206782613,0,1
417,0.4976800863767033,0,1
418,0.501018957760934,0,1
419,0.5065060892717254,0,1
420,0.5072932181139088,0,1
421,0.5082351975688792,0,1
422,0.5012633356348393,0,1
423,0.4999355589225526,0,1
424,0.49868545175467655,0,1
425,0.4945803694301667,0,1
426,0.4924866682632893,0,1
427,0.4879533175617295,0,1
428,0.4821694997082436,0,0
429,0.48304951655240064,0,0
430,0.4730148384546308,0,0
431,0.4600405763139042,0,0
432,0.45241183806659185,0,0
433,0.439007421829758,0,0
434,0.43406697899009444,0,0
435,0.4258235645813576,0,0
436,0.4123755347199299,0,0
437,0.38311998673222886,0,0
438,0.3745303997996687,0,0
439,0.37539213143815764,0,0
440,0.370137246000362,0,0
441,0.36775734574444147,0,0
442,0.3685907029379539,0,0
443,0.3660977227412165,0,0
444,0.3604085842112366,0,0
445,0.3637554762107841,0,0
446,0.3647798964638516,0,0
447,0.3630296513616462,0,0
448,0.37239348498066926,0,0
449,0.3731559676851464,0,0
450,0.37492230159964385,0,0
451,0.37979572945939327,0,0
452,0.38251918313959077,0,0
453,0.3857540646091197,0,0
454,0.3880619610069707,0,0
455,0.38436829818312734,0,0
456,0.38602768314498115,0,0
457,0.38646528103296984,0,0
458,0.38817611561107684,0,0
459,0.381665960196267,0,0
460,0.381255628898608,0,0
461,0.37587463092330203,0,0
462,0.37464191837398503,0,0
463,0.3727205964755211,0,0
464,0.36391404933798965,0,0
465,0.36484947596014883,0,0
466,0.3690133588883879,0,0
467,0.3671450762643872,0,0
468,0.36862701178661983,0,0
469,0.3679586186825107,0,0
470,0.3688013842790536,0,0
471,0.36696697003179224,0,0
472,0.3693277979803443,0,0
473,0.37275435443964683,0,0
474,0.3719534603708289,0,0
475,0.3699778183817005,1,0
476,0.3682191585909068,0,0
477,0.36623949274905965,0,0
478,0.36037827876602635,0,0
479,0.3595753089081953,0,0
480,0.35814371987705956,0,0
481,0.35147574123734077,0,0
482,0.34977925935725995,0,0
483,0.3449711873953058,0,0
484,0.34456818128097894,0,0
485,0.3493169259062984,0,0
486,0.3496866660512743,0,0
487,0.3512061331274503,0,0
488,0.3528835241178836,0,0
489,0.35645429419975944,0,0
490,0.3548002192378599,0,0
491,0.360687824317837,0,0
492,0.3650815357223283,0,0
493,0.36382846308669453,0,0
494,0.36759106155386606,0,0
495,0.3633292149741026,0,0
496,0.3645790286223262,0,0
497,0.3620679434666105,0,0
498,0.36631678605328066,0,0
499,0.3640672306442384,0,0
500,0.363925477147272,0,0
501,0.3606962144427825,0,0
502,0.3616482210235722,0,0
503,0.3582341047656877,0,0
504,0.35737074495583987,0,0
505,0.3557354779712938,0,0
506,0.357273053256529,0,0
507,0.3610707127990302,0,0
508,0.3584277041457611,0,0
509,0.3541864182657517,0,0
510,0.35656667755397853,0,0
511,0.36517589255821364,0,0
512,0.36455342588779505,0,0
513,0.36597340733820605,0,0
514,0.372175623839506,0,0
515,0.37736435412610364,0,0
516,0.37896473460883556,0,0
517,0.3797659466604195,0,0
518,0.3758393407790565,0,0
519,0.3707385244127913,0,0
520,0.36658952542969964,0,0
521,0.36140542036403084,0,0
522,0.3565046082590679,0,0
523,0.36130201067859535,0,0
524,0.3600874863282237,0,0
525,0.3650269349457256,0,0
526,0.35995309544340093,0,0
527,0.3621661605913944,0,0
528,0.3643992748597617,0,0
529,0.36973257193702114,0,0
530,0.3760729082057519,0,0
531,0.38413475947492765,0,0
532,0.38905318926015736,0,0
533,0.392450893495298,0,0
534,0.39818609176263914,0,0
535,0.39988463874649094,0,0
536,0.40587899933360766,0,0
537,0.40419486331522747,0,0
538,0.41012014432324323,0,0
539,0.41877637157500897,0,0
540,0.41577948572020557,0,0
541,0.4225003834924432,0,0
542,0.4228210384706274,0,0
543,0.4177387869061434,0,0
544,0.41400776012389007,0,0
545,0.4097354277920201,0,0
546,0.41176482593882974,0,0
547,0.4162335512213739,0,0
548,0.4239066570775746,0,0
549,0.4359000339313236,0,0
550,0.4458955186995095,0,0
551,0.4484694493223692,1,0
552,0.466229879773938,0,0
553,0.47137319589252363,0,0
554,0.47612111237833066,0,0
555,0.47857031631985586,0,0
556,0.476912387294945,0,0
557,0.47889293734998073,0,0
558,0.4710747831095744,0,0
559,0.47331520128809806,0,0
560,0.4654578266590892,0,0
561,0.4620605500937437,0,0
562,0.4568855668435153,0,0
563,0.45481508302710294,0,0
564,0.4451142936348188,0,0
565,0.44199660075754205,0,0
566,0.44027160467476184,0,0
567,0.4400912422246584,0,0
568,0.43574093297182515,0,0
569,0.4365411864796922,0,0
570,0.43588256684271626,0,0
571,0.4283173470393378,0,0
572,0.42253536644653283,0,0
573,0.4171376145995761,0,0
574,0.40716687570508847,0,0
575,0.40820916477653024,0,0
576,0.40029436375079486,0,0
577,0.39621358465759915,1,0
578,0.41252092963672626,1,0
579,0.43702581621826003,0,0
580,0.44944044405565153,0,0
581,0.45423744573278707,0,0
582,0.41790697347986583,0,0
583,0.4260006194864337,0,0
584,0.43806700692090234,0,0
585,0.4471082149337393,0,0
586,0.4555919314896176,0,0
587,0.46735208012688795,0,0
588,0.48023559152264367,0,0
589,0.4887932104118518,0,1
590,0.4931138650228574,0,1
591,0.49348182303574056,0,1
592,0.49085176548928455,0,1
593,0.4911077179479069,0,1
594,0.4749244542097124,0,0
595,0.46919316037135816,0,0
596,0.4562286847324307,0,0
597,0.4519645294103491,0,0
598,0.45651085504119854,0,0
599,0.45673043132047464,0,0
600,0.4649168895388642,0,0
601,0.4641574409338665,0,0
602,0.46346438098574577,0,0
603,0.47007558764221813,0,0
604,0.46806288609015806,0,0
605,0.4666232382361065,0,0
606,0.4697384000404065,0,0
607,0.4616441530726616,0,0
608,0.44872471809958425,0,0
609,0.423940716432992,0,0
610,0.4231477161561088,0,0
611,0.4286893644593919,0,0
612,0.42301823654668297,0,0
613,0.4241276369831599,0,0
614,0.4199302234521053,0,0
615,0.4176208100419784,0,0
616,0.4123485033877675,0,0
617,0.4051116209980521,0,0
618,0.39908988558300057,0,0
619,0.39862942301111653,0,0
620,0.4007017260697854,0,0
621,0.3925580266945803,0,0
622,0.3851338682262414,0,0
623,0.3841569923102014,0,0
624,0.38327223181694414,0,0
625,0.3872464271078615,0,0
626,0.3885539347117633,0,0
627,0.3899622618567528,0,0
628,0.38961417175071866,0,0
629,0.3915408873112218,0,0
630,0.39088251450645356,0,0
631,0.3906914762385651,0,0
632,0.39161276085630603,0,0
633,0.38502472666004417,0,0
634,0.3823839193526739,0,0
635,0.37773354251716657,0,0
636,0.36641592492780173,0,0
637,0.36111070988680777,0,0
638,0.35305829096361485,0,0
639,0.3478751885224019,0,0
640,0.3518794872905824,0,0
641,0.3510548741701506,0,0
642,0.3566636861362169,0,0
643,0.3562161391553602,0,0
644,0.3632514825023919,0,0
645,0.3655520530899222,0,0
646,0.37066938599485555,0,0
647,0.3792746258490604,0,0
648,0.39056978503735407,0,0
649,0.3863815730036331,0,0
650,0.38481595935876467,0,0
651,0.3880910781232681,0,0
652,0.3936527598869535,0,0
653,0.39509456633924794,0,0
654,0.4002160556748261,0,0
655,0.3960415102698474,0,0
656,0.397641691323475,0,0
657,0.3967503955761047,0,0
658,0.3937230478655793,0,0
659,0.38936634601211473,1,0
660,0.4073228358885819,0,0
661,0.4229989064936332,0,0
662,0.43080277144852636,0,0
663,0.4486526089208273,0,0
664,0.45755441489890514,0,0
665,0.45541185443597376,0,0
666,0.4531047875148673,0,0
667,0.45088090069853276,0,0
668,0.44943414503499546,0,0
669,0.4500086334275424,0,0
670,0.4503570701097557,0,0
671,0.453001107741687,0,0
672,0.4559027961730137,0,0
673,0.4637174185572509,0,0
674,0.4666649164372229,0,0
675,0.4718099424824679,0,0
676,0.4795764584111629,0,0
677,0.4841591282283408,0,1
678,0.4872405175296944,0,1
679,0.48498624078985525,0,1
680,0.4864641665088734,0,1
681,0.48639925980360066,0,1
682,0.47957713715494055,0,0
683,0.47551345248051236,0,0
684,0.46966126727492474,0,0
685,0.4706240245635011,0,0
686,0.47092366103342526,0,0
687,0.47193709949286183,0,0
688,0.4699078216137992,0,0
689,0.4662306261089427,0,0
690,0.4351295756371148,0,0
691,0.43257771893673425,0,0
692,0.43202865185408407,0,0
693,0.4240010985792936,0,0
694,0.413418989061764,0,0
695,0.4086821867553965,0,0
696,0.40655933028483476,0,0
697,0.40183594141752293,0,0
698,0.39609623138933553,0,0
699,0.3950994129399709,0,0
700,0.39128032809997143,0,0
701,0.3905891219394831,0,0
702,0.3837849460520849,0,0
703,0.381625173279996,0,0
704,0.379178666253127,0,0
705,0.3752064239844049,0,0
706,0.3685936879604721,0,0
707,0.362351371863608,0,0
708,0.3604783451737276,0,0
709,0.36341286721140253,0,0
710,0.3651519687152001,0,0
711,0.36305057115425776,0,0
712,0.3626685038202962,0,0
713,0.35855053490109373,0,0
714,0.363368615831333,0,0
715,0.36431764047228044,0,0
716,0.3577864884549954,0,0
717,0.3581230599450716,0,0
718,0.3529088908136805,0,0
719,0.35539359655725666,0,0
720,0.361862726095957,0,0
721,0.3570213678835891,0,0
722,0.36107346075314384,0,0
723,0.3632749545069652,0,0
724,0.368353486945373,0,0
725,0.3726515488952986,0,0
726,0.3727253714329326,0,0
727,0.3771733868683043,0,0
728,0.37940621151114967,0,0
729,0.3801358574250372,0,0
730,0.386636474423009,0,0
731,0.3902698229663328,0,0
732,0.39882619733939195,0,0
733,0.4051840808526752,0,0
734,0.4113982870396376,0,0
735,0.4156173400518144,0,0
736,0.4202493700000898,0,0
737,0.427017186860175,0,0
738,0.43051451443600686,0,0
739,0.4298987381665336,0,0
740,0.4276253038394966,0,0
741,0.42332840389819876,0,0
742,0.4261374783953215,0,0
743,0.42433990888288464,0,0
744,0.4222316036855847,0,0
745,0.42202620062603097,0,0
746,0.4270731774682734,0,0
747,0.4239773839097374,0,0
748,0.425415739064856,0,0
749,0.427030612313575,0,0
750,0.4310535629855017,0,0
751,0.43558612003947444,0,0
752,0.43525470204553013,0,0
753,0.4321762550977449,0,0
754,0.42399241601792886,0,0
755,0.4186737718788938,0,0
756,0.41467912950303965,0,0
757,0.4109406806088541,0,0
758,0.410147857401252,0,0
759,0.4050921263206198,0,0
760,0.402342302442233,0,0
761,0.3992510209741597,0,0
762,0.3949199967630896,0,0
763,0.39609959422372076,0,0
764,0.3947371097640992,0,0
765,0.3863972186674134,0,0
766,0.3866128130709146,0,0
767,0.37748803662352753,0,0
768,0.3714158921338991,0,0
769,0.36881864337236436,0,0
770,0.3671254173265817,0,0
771,0.374108128343664,0,0
772,0.3774433466393389,0,0
773,0.38000390724895344,0,0
774,0.38352861275521377,0,0
775,0.3804558346455468,0,0
776,0.3774411026011317,0,0
777,0.37780119627333897,0,0
778,0.3759053466324851,0,0
779,0.3706552581090007,0,0
780,0.36804384148721214,0,0
781,0.3676828537539361,0,0
782,0.3662587069826609,0,0
783,0.3667364658307551,0,0
784,0.3664902087253511,0,0
785,0.36671134148080575,0,0
786,0.3631266528213065,0,0
787,0.3608297507630623,0,0
788,0.355553739756648,0,0
789,0.3570818167405364,0,0
790,0.35694751662856844,0,0
791,0.35908554116426306,0,0
792,0.3606434847159585,0,0
793,0.3613821685077657,0,0
794,0.3683181944666137,0,0
795,0.3717020887885831,0,0
796,0.3685504373204337,0,0
797,0.3693897134191333,0,0
798,0.36778014199627773,0,0
799,0.3708987319529901,0,0
800,0.3699331867644257,0,0
801,0.3703048116364246,0,0
802,0.3707495731451812,0,0
803,0.3694766789674517,0,0
804,0.36490305142804214,0,0
805,0.36650978007015034,0,0
806,0.3689468324026922,0,0
807,0.3663327362603615,0,0
808,0.3679951408700708,0,0
809,0.3676441502425707,0,0
810,0.36179579876560153,0,0
811,0.358387139176868,0,0
812,0.35295692831874553,0,0
813,0.34941862483668024,0,0
814,0.348864719755023,0,0
815,0.3448224615869947,1,0
816,0.39673850069375277,0,0
817,0.4087426604611265,0,0
818,0.4167326142740122,0,0
819,0.4239395030677249,0,0
820,0.4324120774469271,0,0
821,0.43901637744434524,0,0
822,0.44826357071066547,0,0
823,0.44954974108675194,0,0
824,0.450625475126912,0,0
825,0.45765666672269667,0,0
826,0.4621079892541369,0,0
827,0.46263317210643323,0,0
828,0.4567019934477932,0,0
829,0.4533652627743393,0,0
830,0.450011411097189,0,0
831,0.45088874871991325,0,0
832,0.44610961025111884,0,0
833,0.44618645922852346,0,0
834,0.4521677149067776,0,0
835,0.4469487557282824,0,0
836,0.4466857846457236,0,0
837,0.4485787861135717,0,0
838,0.4426213223605935,0,0
839,0.4349488980118024,0,0
840,0.4325588464669503,0,0
841,0.42688374675526297,0,0
842,0.42195522525087964,0,0
843,0.41713539266254807,0,0
844,0.41417865728690256,0,0
845,0.4182368593289189,0,0
846,0.3814190554537686,0,0
847,0.3838034141871675,0,0
848,0.38703395282948094,0,0
849,0.3887256649801503,0,0
850,0.38907415457756284,0,0
851,0.3902600815766391,0,0
852,0.3878230640998928,0,0
853,0.38650802531351824,0,0
854,0.38251167075854736,0,0
855,0.3788583304394093,0,0
856,0.37423094197928475,0,0
857,0.37119781486898457,0,0
858,0.3699106634454351,0,0
859,0.37545420654236344,0,0
860,0.37769936370361507,0,0
861,0.38125128845943307,0,0
862,0.38009642869900495,0,0
863,0.3774850477808458,0,0
864,0.37793616159186566,0,0
865,0.3736079347836886,0,0
866,0.3774410474005417,0,0
867,0.3788711183255711,0,0
868,0.3767507754686302,0,0
869,0.3822808085430522,0,0
870,0.37941871805266913,0,0
871,0.38164571489742083,0,0
872,0.38482123424139414,0,0
873,0.3858794526496607,0,0
874,0.3884871138276147,0,0
875,0.38589490423699035,0,0
876,0.3827667246042946,0,0
877,0.3798808030232178,0,0
878,0.3733435765300605,0,0
879,0.3666979004765046,0,0
880,0.3616584900339306,0,0
881,0.3606137469629922,0,0
882,0.3635847941144844,0,0
883,0.36706563863812863,0,0
884,0.37330305672758035,0,0
885,0.38111550054980564,0,0
886,0.40156456096691096,0,0
887,0.4049688763457351,0,0
888,0.4118960339293367,0,0
889,0.41691936013206005,0,0
890,0.41616524640090463,0,0
891,0.4195178294536678,0,0
892,0.4211676860577986,0,0
893,0.42737811740289,0,0
894,0.42990580452825405,0,0
895,0.4319960893254408,1,0
896,0.4582657534199926,0,0
897,0.4719803248184531,0,0
898,0.48115480019956464,0,0
899,0.4786893247627948,0,0
900,0.47849477999863727,0,0
901,0.4751640314516485,0,0
902,0.4720398675858129,0,0
903,0.4741023005953868,0,0
904,0.4771868884491461,0,0
905,0.48278838001972607,0,0
906,0.4900492500288842,0,1
907,0.49542838661981475,0,1
908,0.4987754438835156,0,1
909,0.5074521132846537,0,1
910,0.5295715194183112,0,1
911,0.5373589673232967,0,1
912,0.5585337360100098,0,1
913,0.5630291462379534,0,1
914,0.555647915197452,0,1
915,0.5577993557605477,0,1
916,0.5491311784312864,0,1
917,0.5435481413983425,0,1
918,0.5290089665056676,0,1
919,0.5271569379700889,0,1
920,0.5220997984351895,0,1
921,0.5108746868888605,0,1
922,0.50064209571877,0,1
923,0.4862766102645552,0,1
924,0.47432755904657686,0,0
925,0.46430724125513667,0,0
926,0.4279446430313929,0,0
927,0.41998661798244935,0,0
928,0.4206568022879729,0,0
929,0.4141023284521482,0,0
930,0.41732134168999924,0,0
931,0.41581492020948163,0,0
932,0.42028345011806945,0,0
933,0.4264046685745613,0,0
934,0.4291586600249712,0,0
935,0.42938118362186906,0,0
936,0.43029835038409314,0,0
937,0.4255991227854622,0,0
938,0.4275170939083473,0,0
939,0.4292940030480493,0,0
940,0.423023547491197,0,0
941,0.42211951976163375,0,0
942,0.41460024159921605,0,0
943,0.4121027152035566,0,0
944,0.4145542203238253,0,0
945,0.4090528817122044,0,0
946,0.40475805671984755,0,0
947,0.3936312016089059,0,0
948,0.3843834894651145,0,0
949,0.3698844882569351,0,0
950,0.3635094727444718,0,0
951,0.357819586896941,0,0
952,0.3598926717379524,0,0
953,0.3654431143871971,0,0
954,0.3754368997935857,0,0
955,0.37846497666791906,0,0
956,0.37802516334418756,0,0
957,0.37990709721429616,0,0
958,0.3893583206819861,0,0
959,0.3938977162206406,0,0
960,0.39080830411965245,0,0
961,0.39497111629707654,0,0
962,0.39374854106953067,0,0
963,0.3915315306252315,0,0
964,0.3948784013917621,0,0
965,0.3890238331087603,0,0
966,0.38340737307235573,0,0
967,0.38496360164032156,0,0
968,0.38012359328496415,0,0
969,0.3813748950133419,0,0
970,0.3802562904979146,0,0
971,0.3844119528031679,0,0
972,0.38169950794304475,0,0
973,0.38320597227260905,0,0
974,0.3844170153542304,0,0
975,0.39213250129745775,0,0
976,0.395347836501476,0,0
977,0.39927685325723367,0,0
978,0.4033424894718792,0,0
979,0.4064843716076922,0,0
980,0.4122853265225329,0,0
981,0.41343025181452714,0,0
982,0.4163846274105526,0,0
983,0.4152453235859993,1,0
984,0.4236242445966935,1,0
985,0.42686761555796404,1,0
986,0.44441382315009786,0,0
987,0.4564334622544271,1,0
988,0.4780602486077302,0,0
989,0.47912124994109295,0,0
990,0.4873880981404902,0,1
991,0.48638685810308263,0,1
992,0.4945167882667245,0,1
993,0.4915220930575358,0,1
994,0.48377118018121723,0,1
995,0.4782149141020999,0,0
996,0.47899608455460757,0,0
997,0.4725064621374767,0,0
998,0.47224332423742255,0,0
999,0.4638547472632848,0,0
1000,0.45668588194304344,0,0
1001,0.4568864469970162,0,0
1002,0.4579873878627431,0,0
1003,0.46055688512683485,0,0
1004,0.4648859104318487,0,0
1005,0.46989088703604015,0,0
1006,0.4780383607354516,0,0
1007,0.4879434540941636,0,1
1008,0.5102583415448185,0,1
1009,0.5065772152780084,0,1
1010,0.4997980067572284,0,1
1011,0.5135211580337701,0,1
1012,0.5114312191469185,0,1
1013,0.5106627246894215,0,1
1014,0.49368795446920305,0,1
1015,0.4870735569720804,0,1
1016,0.4821742908081794,0,0
1017,0.47703712499942746,0,0
1018,0.4629443662336936,0,0
1019,0.4729308441733487,0,0
1020,0.4810441663053618,0,0
1021,0.4920565505211738,0,1
1022,0.5002063924358299,0,1
1023,0.5042610176839873,0,1
1024,0.5077793020401974,0,1
1025,0.5216964124819835,0,1
1026,0.5224946982969263,0,1
1027,0.5285417805350677,0,1
1028,0.5287623108864286,0,1
1029,0.5337435204863982,0,1
1030,0.5382959435473879,0,1
1031,0.5383839087219634,0,1
1032,0.5384824079387239,0,1
1033,0.5381932922004895,0,1
1034,0.5510648318113999,0,1
1035,0.5666520512206742,0,1
1036,0.5734008995813633,0,1
1037,0.5732395196231802,0,1
1038,0.5641267772935803,0,1
1039,0.5618098408340761,0,1
1040,0.5530890295568697,0,1
1041,0.5353141244304352,0,1
1042,0.5172077313794752,0,1
1043,0.5121485215889667,0,1
1044,0.5044332737936166,0,1
1045,0.5023534721603274,0,1
1046,0.494732326332995,0,1
1047,0.503807305155607,0,1
1048,0.5005855380810844,0,1
1049,0.4950264257477634,0,1
1050,0.4962472581955144,0,1
1051,0.48828786647955197,0,1
1052,0.48303863885339565,0,0
1053,0.48003179604069507,1,0
1054,0.5055262461271046,0,1
1055,0.5164676382711916,0,1
1056,0.5201843392377458,0,1
1057,0.5215178355266311,0,1
1058,0.5197284595689512,0,1
1059,0.5244577015832332,0,1
1060,0.5277948500943239,0,1
1061,0.528420494346902,0,1
1062,0.5285966803893852,0,1
1063,0.5324727294530535,0,1
1064,0.5335474805052075,0,1
1065,0.5328182376975735,0,1
1066,0.5238286307507077,0,1
1067,0.5239750243158057,0,1
1068,0.5299532377581455,0,1
1069,0.5278102997262681,0,1
1070,0.5294758124202057,0,1
1071,0.5300162994133303,0,1
1072,0.533905168174898,0,1
1073,0.5202005940368535,0,1
1074,0.5181423593019324,0,1
1075,0.5134296589070826,0,1
1076,0.5121902068590082,0,1
1077,0.5067403217560925,0,1
1078,0.5038339352062007,0,1
1079,0.5046020907751028,0,1
1080,0.49938722435178984,0,1
1081,0.5034073402304243,0,1
1082,0.4991172392800326,0,1
1083,0.5018329136163796,0,1
1084,0.46646332830284126,0,0
1085,0.47135453617734435,0,0
1086,0.4827712117347197,0,0
1087,0.48430097277004586,0,1
1088,0.49378747829336395,0,1
1089,0.4952908251939254,0,1
1090,0.4945992118205202,0,1
1091,0.48941728515622945,0,1
1092,0.479493624046414,0,0
1093,0.47265806159704576,0,0
1094,0.45893244946795264,0,0
1095,0.4467299740575841,0,0
1096,0.4386620101683347,0,0
1097,0.43186504412733046,0,0
1098,0.4263162035207043,0,0
1099,0.42047607968461104,0,0
1100,0.41346141572529865,0,0
1101,0.40883129766254356,0,0
1102,0.40552040956714325,0,0
1103,0.40197493129439527,0,0
1104,0.3987002754660239,0,0
1105,0.3979007198388614,0,0
1106,0.3912079795263772,0,0
1107,0.390391925375701,0,0
1108,0.3887421802252872,0,0
1109,0.3890594038231664,0,0
1110,0.39055172123101944,0,0
1111,0.38447698494660804,0,0
1112,0.3851166524391756,0,0
1113,0.37868464299440174,0,0
1114,0.3742911982950852,0,0
1115,0.37243106592245007,0,0
1116,0.3572106714492336,0,0
1117,0.3574801444545338,0,0
1118,0.3457483556165033,0,0
1119,0.34257490102756566,0,0
1120,0.3436217910830247,0,0
1121,0.3427630615326347,0,0
1122,0.3488896639204719,0,0
1123,0.35521707221025195,0,0
1124,0.36205010369186524,0,0
1125,0.3718353496461406,0,0
1126,0.37738478216662036,0,0
1127,0.3794345026944019,0,0
1128,0.3778265740624571,0,0
1129,0.3747183136944966,0,0
1130,0.36915651242052255,0,0
1131,0.36286921008093964,0,0
1132,0.3569631669781703,0,0
1133,0.35031400603174656,0,0
1134,0.35939602159775685,0,0
1135,0.362240445052127,0,0
1136,0.36448913981975245,0,0
1137,0.37187781823221905,0,0
1138,0.38577978643820265,0,0
1139,0.4001351677904613,0,0
1140,0.4072013798872686,0,0
1141,0.4135877193715622,0,0
1142,0.4211137714036876,0,0
1143,0.4192826090420075,1,0
1144,0.4411023199816602,1,0
1145,0.46813302207541413,0,0
1146,0.4790134042225277,0,0
1147,0.4918913858552376,0,1
1148,0.5137952504511869,0,1
1149,0.5243597624240651,0,1
1150,0.5271938818745219,0,1
1151,0.535458080902117,0,1
1152,0.5326642996329591,0,1
1153,0.5297325729473263,0,1
1154,0.5266397892791924,0,1
1155,0.516878335080695,0,1
1156,0.5058032012306402,0,1
1157,0.4947051065873887,0,1
1158,0.48855125849148223,0,1
1159,0.4861171384302053,0,1
1160,0.480377130652492,0,0
1161,0.49071640085802937,0,1
1162,0.49335317946282037,0,1
1163,0.48573173851374446,0,1
1164,0.48119242439810117,0,0
1165,0.46836296979434355,0,0
1166,0.4609116834645373,0,0
1167,0.44542570935758136,0,0
1168,0.43116582756597305,0,0
1169,0.4180552321498848,0,0
1170,0.4088534786618001,0,0
1171,0.4016609528900598,0,0
1172,0.3909325134933328,0,0
1173,0.3875950172330654,0,0
1174,0.3707025701754794,0,0
1175,0.349963597632622,0,0
1176,0.35199139779126354,0,0
1177,0.3528507522019775,0,0
1178,0.34713452230274083,0,0
1179,0.35295805166798516,0,0
1180,0.36711295169588515,0,0
1181,0.38031622865851733,0,0
1182,0.3860840489911374,0,0
1183,0.3966297597031808,0,0
1184,0.39454300194881764,0,0
1185,0.39899802776488913,0,0
1186,0.3955145161062992,0,0
1187,0.39783800808279396,0,0
1188,0.41015137548318703,0,0
1189,0.4243087672548941,0,0
1190,0.4450134105347583,0,0
1191,0.4552717829003976,0,0
1192,0.45485996339951357,0,0
1193,0.4614767513348037,0,0
1194,0.4612312853100636,0,0
1195,0.4724170755997035,0,0
1196,0.4830815633474694,0,0
1197,0.4857412290123339,0,1
1198,0.4950112434054296,0,1
1199,0.5070945505737713,0,1
1200,0.5216001150737695,0,1
1201,0.5241264605516376,0,1
1202,0.5205621451839936,0,1
1203,0.5166098123203832,0,1
1204,0.5204999939092341,0,1
1205,0.5209349310121243,0,1
1206,0.5152751327691235,0,1
1207,0.5190999324072336,0,1
1208,0.5245407915810035,0,1
1209,0.5270442618059252,0,1
1210,0.5245134038104864,0,1
1211,0.5237359690007963,0,1
1212,0.5240947792404134,0,1
1213,0.5094740442959461,0,1
1214,0.5020404400367724,0,1
1215,0.4849986353961402,0,1
1216,0.48041668883182387,0,0
1217,0.4825982082277602,0,0
1218,0.4804074643957875,0,0
1219,0.48007633058796384,0,0
1220,0.48298721731695127,0,0
1221,0.4781177105765068,0,0
1222,0.4780206444110144,0,0
1223,0.46844057050622084,0,0
1224,0.46173773639013593,0,0
1225,0.45753212034762564,0,0
1226,0.4504139356673401,0,0
1227,0.46845096436253836,0,0
1228,0.48036108370124986,0,0
1229,0.47720491219348676,0,0
1230,0.47384410041905656,0,0
1231,0.4705835005780609,0,0
1232,0.47409778260151414,0,0
1233,0.47522847565962373,0,0
1234,0.4629546066686617,0,0
1235,0.4559268326589998,0,0
1236,0.4575134812026821,0,0
1237,0.4433358571805671,0,0
1238,0.43577463148586587,0,0
1239,0.4257473580833539,0,0
1240,0.42177655052323276,0,0
1241,0.41764926875903025,0,0
1242,0.41435812887752593,0,0
1243,0.41291959979475984,0,0
1244,0.4158309044507118,0,0
1245,0.4177831109903643,0,0
1246,0.42132508727341283,0,0
1247,0.42969104178482387,0,0
1248,0.43456490415606347,0,0
1249,0.44319233503661176,0,0
1250,0.4389714617192541,0,0
1251,0.4408463206607782,0,0
1252,0.43045787760171594,0,0
1253,0.42118458949850435,0,0
1254,0.4140704042676226,0,0
1255,0.40256714971781593,0,0
1256,0.40152998132154993,0,0
1257,0.39533822776664906,0,0
1258,0.3907921091958825,0,0
1259,0.389623041052788,0,0
1260,0.38447849237503323,0,0
1261,0.3876300571180073,0,0
1262,0.3918517623205892,0,0
1263,0.39502918312290997,0,0
1264,0.3987081262948114,0,0
1265,0.3970398329861865,0,0
1266,0.39303105448345865,0,0
1267,0.3904526484603516,0,0
1268,0.3857917923827863,0,0
1269,0.3826422494152098,0,0
1270,0.3772275475245136,0,0
1271,0.36722455200286913,0,0
1272,0.36018536581098143,0,0
1273,0.35560488222633774,0,0
1274,0.3485567878864435,0,0
1275,0.3491806514896204,0,0
1276,0.347462376798289,0,0
1277,0.35135268657075064,0,0
1278,0.35710642964259054,0,0
1279,0.3606328768014686,0,0
1280,0.3631580363757103,0,0
1281,0.35975544034968077,0,0
1282,0.35324685600565936,0,0
1283,0.3510352959338538,0,0
1284,0.34590392813900916,0,0
1285,0.3464353283800507,0,0
1286,0.3401200091284252,0,0
1287,0.34111117501009425,0,0
1288,0.3430810080613221,0,0
1289,0.34861892115403625,0,0
1290,0.34876173718199166,0,0
1291,0.3528318817849088,0,0
1292,0.35489549326669834,0,0
1293,0.35688066699686277,0,0
1294,0.3572582714640614,0,0
1295,0.3599386482724417,0,0
1296,0.3627761118214054,0,0
1297,0.3664145178959015,0,0
1298,0.37285092890802735,0,0
1299,0.3728116957366433,0,0
1300,0.3656800593905295,0,0
1301,0.36269680525883746,0,0
1302,0.3631901286121379,0,0
1303,0.36439605084639887,0,0
1304,0.36091763938671484,0,0
1305,0.35754505041978923,0,0
1306,0.3550414706268556,0,0
1307,0.35544757593434,0,0
1308,0.3495930143876646,0,0
1309,0.35119480591237867,0,0
1310,0.3540846388304236,0,0
1311,0.3621088696423056,0,0
1312,0.3633895392357771,0,0
1313,0.36805502710009197,0,0
1314,0.3726708341743225,0,0
1315,0.375162820387198,0,0
1316,0.3766964802698259,0,0
1317,0.38036594084541,0,0
1318,0.3833239141564342,0,0
1319,0.38030165723078324,0,0
1320,0.3864646768801775,0,0
1321,0.3902733860434605,0,0
1322,0.3910521440740219,0,0
1323,0.3968299369936784,0,0
1324,0.40008845604977056,0,0
1325,0.4074072512496856,0,0
1326,0.41408698216456497,0,0
1327,0.41445356591779653,0,0
1328,0.412217047809147,0,0
1329,0.41078454233323825,0,0
1330,0.412688846562149,0,0
1331,0.4123927515331561,0,0
1332,0.40747713467388164,0,0
1333,0.40283170314377204,0,0
1334,0.404658542882162,0,0
1335,0.4051741117218793,0,0
1336,0.4012351412159496,0,0
1337,0.3971132179081401,0,0
1338,0.4009567690959341,0,0
1339,0.40274173774718025,0,0
1340,0.4072855019795867,0,0
1341,0.40864821882711383,0,0
1342,0.4114318272044249,0,0
1343,0.41109749641759286,0,0
1344,0.4201294592905913,0,0
1345,0.4234503250429275,0,0
1346,0.4285028695399425,0,0
1347,0.42985487559889357,0,0
1348,0.43207233898700637,0,0
1349,0.43157981799334966,0,0
1350,0.4211528783524944,0,0
1351,0.41357026372086236,0,0
1352,0.4079541679285991,0,0
1353,0.40232276564474795,0,0
1354,0.4039258778001735,0,0
1355,0.4041771994050235,0,0
1356,0.4153080265596837,0,0
1357,0.41780437506765056,0,0
1358,0.4172148895866878,0,0
1359,0.42134024642148216,0,0
1360,0.42539357987114357,0,0
1361,0.43936002014456926,0,0
1362,0.43780202789788003,0,0
1363,0.441088717823341,0,0
1364,0.439333914488788,0,0
1365,0.43613920629830594,0,0
1366,0.43702274657737356,0,0
1367,0.4394296506591055,0,0
1368,0.4364694493338548,0,0
1369,0.43536523171217345,0,0
1370,0.4352523000175721,0,0
1371,0.43758071370873874,0,0
1372,0.4446396182202861,0,0
1373,0.4509233659984902,0,0
1374,0.4544775620887596,0,0
1375,0.4579406674209821,0,0
1376,0.4622681493556537,0,0
1377,0.47077451882549337,0,0
1378,0.4672853646939026,0,0
1379,0.46830394534893693,0,0
1380,0.46989989805731813,0,0
1381,0.47171233394165074,0,0
1382,0.4729682254053238,0,0
1383,0.470637928005947,1,0
1384,0.48702002246297105,0,1
1385,0.4916811083838151,0,1
1386,0.4902382190863103,0,1
1387,0.4867607158690116,0,1
1388,0.4879782802329708,0,1
1389,0.5009441016646025,0,1
1390,0.509239601073716,0,1
1391,0.5011573526672438,0,1
1392,0.5158089606963662,0,1
1393,0.5184134936561642,0,1
1394,0.5242999376320256,0,1
1395,0.5252663475731282,0,1
1396,0.5252006058428401,0,1
1397,0.5310611548023176,0,1
1398,0.5374789209740091,0,1
1399,0.5423769966561308,0,1
1400,0.549618070779945,0,1
1401,0.5523048204915196,0,1
1402,0.5481806814762475,0,1
1403,0.5447750306201432,0,1
1404,0.5332998679839759,0,1
1405,0.5248858533009888,0,1
1406,0.508869228632823,0,1
1407,0.4951081248844886,0,1
1408,0.4875426135253667,0,1
1409,0.4722742962918594,0,0
1410,0.4645073886430063,0,0
1411,0.4514566153702857,0,0
1412,0.4433746513824741,0,0
1413,0.4364928965977626,0,0
1414,0.4148694730260606,0,0
1415,0.407591981224705,0,0
1416,0.4027351065337625,0,0
1417,0.39968888079428005,0,0
1418,0.4022939958547593,0,0
1419,0.3915731460726596,0,0
1420,0.3837720678241736,0,0
1421,0.37629370651107164,0,0
1422,0.3629162819187354,0,0
1423,0.35987473232962686,0,0
1424,0.35613190925735666,0,0
1425,0.36011201785908864,0,0
1426,0.35970771417420394,0,0
1427,0.3644200914362462,0,0
1428,0.36939521778988876,0,0
1429,0.37423741263614485,0,0
1430,0.3793016198919431,0,0
1431,0.37388306934440896,0,0
1432,0.3767167953391764,0,0
1433,0.3790061371339601,0,0
1434,0.3848142497098685,0,0
1435,0.38843232785519616,0,0
1436,0.40108764566516125,0,0
1437,0.4136380355143178,0,0
1438,0.42722501674894114,0,0
1439,0.43932130938439534,0,0
1440,0.44570296814235916,0,0
1441,0.4565785321576595,0,0
1442,0.4621031981877151,0,0
1443,0.4621560080527769,0,0
1444,0.4578543072142751,0,0
1445,0.45821384529448406,0,0
1446,0.4621859884721509,0,0
1447,0.46052057618243525,0,0
1448,0.46255407002220883,0,0
1449,0.46239220030035144,0,0
1450,0.46361664653696116,0,0
1451,0.4665418851766733,0,0
1452,0.472126045007906,0,0
1453,0.47285735042177746,0,0
1454,0.4720312439836873,0,0
1455,0.4704693418203648,0,0
1456,0.46787331812281624,0,0
1457,0.4658334816575892,0,0
1458,0.46289365394093507,0,0
1459,0.4658833360489321,0,0
1460,0.45991811722335785,0,0
1461,0.4593296195089558,0,0
1462,0.4599999038125891,1,0
1463,0.47141708156589435,0,0
1464,0.47296403021367955,0,0
1465,0.470508076377566,0,0
1466,0.4709827583293817,0,0
1467,0.4695546956657449,0,0
1468,0.467816879774425,0,0
1469,0.4593857373033213,0,0
1470,0.4553511231065439,0,0
1471,0.45050033728344224,0,0
1472,0.4458376254447919,0,0
1473,0.44462324893570127,0,0
1474,0.44335727122469465,0,0
1475,0.4464581281039477,0,0
1476,0.442902657138316,0,0
1477,0.44544855808790623,0,0
1478,0.44494954034372425,0,0
1479,0.4475660163050835,0,0
1480,0.4478272208307157,0,0
1481,0.44743057425408833,0,0
1482,0.4354573051137194,0,0
1483,0.4263141839427371,0,0
1484,0.4208445217511599,0,0
1485,0.4162365086142886,0,0
1486,0.4214464862819246,0,0
1487,0.41870270014597044,0,0
1488,0.4151977158175632,0,0
1489,0.4126037043706566,0,0
1490,0.40883498263940227,0,0
1491,0.4049766816542109,0,0
1492,0.40827669007519274,0,0
1493,0.395748528336199,0,0
1494,0.39534380864612484,0,0
1495,0.3946180557895448,0,0
1496,0.3892451950880171,0,0
1497,0.38634467351963203,0,0
1498,0.38462745871423165,0,0
1499,0.38100692439154443,0,0
1500,0.37814472506865754,0,0
1501,0.3751865983722052,0,0
1502,0.3729192217345261,0,0
1503,0.3760679991628282,0,0
1504,0.37383486157242,0,0
1505,0.3731412337085834,0,0
1506,0.3850929169471288,0,0
1507,0.39029247088578933,0,0
1508,0.3968896553874611,0,0
1509,0.4002189464632676,0,0
1510,0.40443406088310146,0,0
1511,0.4120717351247355,0,0
1512,0.4150226212614585,0,0
1513,0.41163202338746696,0,0
1514,0.4093452644738043,0,0
1515,0.4043266104793799,0,0
1516,0.39641011490962186,0,0
1517,0.3956347801716152,0,0
1518,0.396975035500557,0,0
1519,0.3998272553830666,0,0
1520,0.4057887734447845,0,0
1521,0.41058662669782997,0,0
1522,0.41239200610268584,0,0
1523,0.4096128877451107,0,0
1524,0.4115154373176821,0,0
1525,0.412691598550206,0,0
1526,0.4128056763615658,0,0
1527,0.4125575831894586,0,0
1528,0.40739570113108925,0,0
1529,0.40894443942846387,0,0
1530,0.40649328304295174,0,0
1531,0.409642840417279,0,0
1532,0.41152181516310554,0,0
1533,0.4136537364928617,0,0
1534,0.4193259174699139,0,0
1535,0.41809123491699385,0,0
1536,0.4098384457553025,0,0
1537,0.40515642798076823,0,0
1538,0.40235549437867796,0,0
1539,0.40201343347993834,0,0
1540,0.4076812324898213,0,0
1541,0.4007792528335376,0,0
1542,0.40391256480627363,0,0
1543,0.402518727040848,0,0
1544,0.4046780062645675,0,0
1545,0.40808704614730484,1,0
1546,0.44194395610682186,0,0
1547,0.4407707701288155,0,0
1548,0.43924622725184886,0,0
1549,0.4386151931634055,0,0
1550,0.43885201012578573,0,0
1551,0.44469749565717587,0,0
1552,0.4476197087095083,0,0
1553,0.4534770661097089,0,0
1554,0.45294603049353965,0,0
1555,0.45154715140295554,0,0
1556,0.45194149044648385,0,0
1557,0.45293373063428555,0,0
1558,0.4513243303055333,0,0
1559,0.4496105581868201,0,0
1560,0.451210584235605,0,0
1561,0.44562825753723917,0,0
1562,0.44396399178413387,0,0
1563,0.4412555619634932,0,0
1564,0.43705747699887654,0,0
1565,0.4476005965056042,0,0
1566,0.4470992909731465,0,0
1567,0.4552793642808946,0,0
1568,0.4595421529895974,0,0
1569,0.4548415056651984,0,0
1570,0.45263054718575246,0,0
1571,0.4579536471545174,0,0
1572,0.4525870141193111,0,0
1573,0.44987005625039084,0,0
1574,0.4490396614123194,0,0
1575,0.45160800276237123,0,0
1576,0.43204786188273986,0,0
1577,0.4338660286689172,0,0
1578,0.4344445318651757,0,0
1579,0.43394085176707564,0,0
1580,0.43287743738426554,0,0
1581,0.42854769406954785,0,0
1582,0.42866682649468735,1,0
1583,0.44195879304080454,0,0
1584,0.45254416784239687,0,0
1585,0.45966484055778,0,0
1586,0.4615384769015302,0,0
1587,0.4599644508240011,0,0
1588,0.45849252658922823,0,0
1589,0.458730150809938,0,0
1590,0.4519916285656495,0,0
1591,0.457042498139421,0,0
1592,0.46215304701291643,0,0
1593,0.45726941153030104,0,0
1594,0.45772410866346297,0,0
1595,0.4548283432523188,0,0
1596,0.46270477006202854,0,0
1597,0.45961356222420136,0,0
1598,0.45666329961336305,0,0
1599,0.46452591259171283,0,0
1600,0.4611553160887674,0,0
1601,0.4557972428848464,0,0
1602,0.4525482283760929,0,0
1603,0.4506001204623459,0,0
1604,0.4428729186794204,0,0
1605,0.4352537762775374,0,0
1606,0.42228032980773905,0,0
1607,0.4120607218284456,0,0
1608,0.40920265896474267,0,0
1609,0.41240839100234505,0,0
1610,0.4084258839966716,0,0
1611,0.40853781087664914,0,0
1612,0.40813395030245636,0,0
1613,0.3912254519811019,0,0
1614,0.39031169443188757,0,0
1615,0.3927701667426963,0,0
1616,0.3929254076054627,0,0
1617,0.39224981834476325,0,0
1618,0.3921344783817926,0,0
1619,0.38777250315239487,0,0
1620,0.38991992493997374,0,0
1621,0.3843679491957747,0,0
1622,0.37942481058434074,1,0
1623,0.3963513995033056,1,0
1624,0.42610150396566365,0,0
1625,0.43400397423857284,0,0
1626,0.4297076471465331,0,0
1627,0.4288060081683614,0,0
1628,0.42612926876095036,1,0
1629,0.4556728897591404,0,0
1630,0.4514104017893545,0,0
1631,0.4452799565609496,0,0
1632,0.44339481332676045,1,0
1633,0.475766559569958,1,0
1634,0.5127676070933873,0,1
1635,0.5157850735879818,0,1
1636,0.5295470386708327,1,1
1637,0.568777996384695,0,1
1638,0.5638783960373505,0,1
1639,0.5587177904336856,0,1
1640,0.5573150420345933,0,1
1641,0.5498330616767475,0,1
1642,0.5394799059259681,0,1
1643,0.5210802935230816,0,1
1644,0.5101581123609569,0,1
1645,0.50178051681755,0,1
1646,0.5017033686580274,0,1
1647,0.5056603285110338,0,1
1648,0.512798900112611,0,1
1649,0.5175987040375353,0,1
1650,0.5282791187687509,0,1
1651,0.5381485630797163,0,1
1652,0.5397303054428466,0,1
1653,0.5278746763595302,0,1
1654,0.5116574883126302,0,1
1655,0.5056806896875503,0,1
1656,0.5013650807585457,0,1
1657,0.5069771966766149,0,1
1658,0.5124273278050182,0,1
1659,0.5068403548725807,0,1
1660,0.5131532697599365,0,1
1661,0.5238867463905122,0,1
1662,0.5285280432202508,0,1
1663,0.5106841820649423,0,1
1664,0.4867791752020677,0,1
1665,0.4767977304915239,0,0
1666,0.46611524141832555,0,0
1667,0.4463893938536163,0,0
1668,0.44521117437311336,0,0
1669,0.44170374809234936,0,0
1670,0.43887525737788385,0,0
1671,0.43323215063928744,0,0
1672,0.4348069825619616,0,0
1673,0.44200090590837166,0,0
1674,0.4466916752568218,0,0
1675,0.4496858025309022,0,0
1676,0.45453387346616597,0,0
1677,0.45492240527800293,0,0
1678,0.4529996654015308,0,0
1679,0.4501417138956008,0,0
1680,0.4391237941680568,0,0
1681,0.4326629164187104,0,0
1682,0.4270242143961386,0,0
1683,0.42216124153033363,0,0
1684,0.42199855123615626,0,0
1685,0.42311211716557184,0,0
1686,0.426081365668856,0,0
1687,0.4312143075899539,0,0
1688,0.43206993334069055,0,0
1689,0.43459440821676104,0,0
1690,0.4428416032238836,0,0
1691,0.4470834583937825,0,0
1692,0.4510478321038276,0,0
1693,0.45028570887349173,0,0
1694,0.45722678519357446,0,0
1695,0.45876761549432243,0,0
1696,0.45252350468759156,0,0
1697,0.4457556232247268,0,0
1698,0.43695142319178315,0,0
1699,0.4354221418936281,0,0
1700,0.4342317602323028,0,0
1701,0.44056467950455114,0,0
1702,0.45418574474370377,0,0
1703,0.4587591214383919,0,0
1704,0.46136734527051687,0,0
1705,0.4700905750241597,0,0
1706,0.4742492977170765,0,0
1707,0.47852812761094327,0,0
1708,0.47275852367100857,0,0
1709,0.46425108345408633,0,0
1710,0.46349277770454056,0,0
1711,0.45888532310991575,0,0
1712,0.4605807515624891,0,0
1713,0.45812470113247233,0,0
1714,0.45498677695248174,0,0
1715,0.45721294713667127,0,0
1716,0.46079827618986263,0,0
1717,0.4603535062474056,0,0
1718,0.45881276474530663,0,0
1719,0.45414206181692673,0,0
1720,0.44272632335523154,0,0
1721,0.43748571125067504,0,0
1722,0.4284495435379239,0,0
1723,0.42878579358559954,0,0
1724,0.42366849211402624,0,0
1725,0.41908577435471833,0,0
1726,0.4197932336546086,0,0
1727,0.4160093091867307,1,0
1728,0.45119359058397907,0,0
1729,0.4523507440596982,0,0
1730,0.4563625768979076,0,0
1731,0.4577909226062851,0,0
1732,0.4455024281305062,0,0
1733,0.4459009114806287,1,0
1734,0.45398518605143884,0,0
1735,0.45048936386810584,0,0
1736,0.4482646839134558,0,0
1737,0.4426817880214165,0,0
1738,0.44504310483312537,0,0
1739,0.4487898914862841,0,0
1740,0.4478872589320851,0,0
1741,0.44630801275638243,0,0
1742,0.44793060229408393,0,0
1743,0.44772668476242555,0,0
1744,0.45262662541229837,0,0
1745,0.45221689405372817,0,0
1746,0.450489540973534,0,0
1747,0.44942924192287825,0,0
1748,0.45061743178647207,0,0
1749,0.44175786916332566,0,0
1750,0.4393720646070247,0,0
1751,0.43225159533076035,0,0
1752,0.4295435654307473,0,0
1753,0.4185659364583154,0,0
1754,0.4151129069145131,0,0
1755,0.41147890516688573,0,0
1756,0.41522786325414474,0,0
1757,0.4187966320940322,0,0
1758,0.38914261079265133,0,0
1759,0.3940869487910007,0,0
1760,0.3997629520477921,0,0
1761,0.39594462822040505,0,0
1762,0.39761176102167206,0,0
1763,0.39406988376127455,0,0
1764,0.3729231061009081,0,0
1765,0.37627909957487493,0,0
1766,0.3762666324633029,0,0
1767,0.3840609954280019,0,0
1768,0.3899965926360426,0,0
1769,0.39366846181964027,0,0
1770,0.3991550396798466,0,0
1771,0.39811163303544134,0,0
1772,0.40299892280649635,0,0
1773,0.4092781500951209,0,0
1774,0.4078353010444189,0,0
1775,0.4091697543621074,0,0
1776,0.4099350339206724,0,0
1777,0.41531344505990453,0,0
1778,0.41723300017126985,0,0
1779,0.4214017201869372,0,0
1780,0.4289490655034875,0,0
1781,0.43077915156100793,0,0
1782,0.43674282903074557,0,0
1783,0.43997262126962733,0,0
1784,0.4406118876619871,0,0
1785,0.43719821230188527,0,0
1786,0.4282094167646329,0,0
1787,0.4232023404532011,0,0
1788,0.4165703594351463,0,0
1789,0.40783399637601453,0,0
1790,0.40090000460079184,0,0
1791,0.40117601161639266,1,0
1792,0.42183836322814594,0,0
1793,0.42554909087265963,0,0
1794,0.4289790490795828,0,0
1795,0.42949912798537443,0,0
1796,0.43426351982190314,0,0
1797,0.4370933228281272,0,0
1798,0.43968177056847657,0,0
1799,0.4457041024994196,1,0
1800,0.4673478261736932,0,0
1801,0.47732791649086925,0,0
1802,0.4845556056583237,0,1
1803,0.48958489315998865,0,1
1804,0.4937205470270749,0,1
1805,0.5000672195842524,0,1
1806,0.5026623415676534,0,1
1807,0.5053238683324827,0,1
1808,0.5116958072211172,0,1
1809,0.5140456355890265,0,1
1810,0.5146969047726796,0,1
1811,0.5158916940393581,0,1
1812,0.5135308091230886,0,1
1813,0.5103847862320272,0,1
1814,0.5072589696396717,0,1
1815,0.5012836770800247,0,1
1816,0.500802998787137,0,1
1817,0.4977725621729247,0,1
1818,0.4997094755713839,0,1
1819,0.5097088682510432,0,1
1820,0.50917734807535,0,1
1821,0.5099731808398699,0,1
1822,0.48804084685559307,0,1
1823,0.4889924727581694,0,1
1824,0.4961180306733154,0,1
1825,0.49401933241720164,0,1
1826,0.4870007282302093,0,1
1827,0.4820535659078785,0,0
1828,0.47634633587200326,0,0
1829,0.4744421916559012,0,0
1830,0.4492479192888363,0,0
1831,0.4504226117224568,0,0
1832,0.44479304398563785,0,0
1833,0.4437531696302754,0,0
1834,0.45475726443979875,0,0
1835,0.47522375981850495,0,0
1836,0.4891112284115038,0,1
1837,0.49242442232606987,0,1
1838,0.4998551866257058,0,1
1839,0.5010550514758993,0,1
1840,0.5082332930272526,0,1
1841,0.5131813012195285,0,1
1842,0.5023180142809047,0,1
1843,0.4950889151767269,0,1
1844,0.4843066809004321,0,1
1845,0.48267393877390075,0,0
1846,0.47607927470903966,0,0
1847,0.467767889848789,0,0
1848,0.4624965716536417,0,0
1849,0.44055338900621976,0,0
1850,0.4331564185007747,0,0
1851,0.4249732968032607,0,0
1852,0.4182156686975726,0,0
1853,0.41643212775694644,0,0
1854,0.41080161829684403,0,0
1855,0.41693027055800225,0,0
1856,0.4262265696829867,0,0
1857,0.42116958635341273,0,0
1858,0.4158354382445961,0,0
1859,0.41716913518244725,0,0
1860,0.41549465865257174,0,0
1861,0.41061757594695786,0,0
1862,0.40829042271944593,0,0
1863,0.4136326569607876,0,0
1864,0.4256781984708466,0,0
1865,0.4262133451493229,0,0
1866,0.43545394774960416,0,0
1867,0.44844594690480455,0,0
1868,0.45426793308474533,0,0
1869,0.4577282031316276,0,0
1870,0.4440206908881218,0,0
1871,0.43005620208433326,0,0
1872,0.4213470053067103,0,0
1873,0.4119242528394008,0,0
1874,0.4055311168398221,0,0
1875,0.3992164090198187,0,0
1876,0.3960284449853979,0,0
1877,0.3978234248343807,0,0
1878,0.4014648509238694,0,0
1879,0.40935730549354576,0,0
1880,0.41012910434188016,0,0
1881,0.4107478818068589,0,0
1882,0.4114420019866708,0,0
1883,0.41478572866091123,0,0
1884,0.4198046640808172,0,0
1885,0.4178710547773557,0,0
1886,0.4107455042692588,0,0
1887,0.40692013835455787,0,0
1888,0.40473299415674874,0,0
1889,0.40368602773612017,0,0
1890,0.39858264144299216,0,0
1891,0.3899223915676688,0,0
1892,0.38497389508878016,0,0
1893,0.3821295306476498,0,0
1894,0.37825612508448514,0,0
1895,0.3729430367212279,0,0
1896,0.3758049063589196,0,0
1897,0.37286377920895347,0,0
1898,0.37668814990829735,0,0
1899,0.3798753859002035,0,0
1900,0.3814008512679375,0,0
1901,0.38130977680037925,0,0
1902,0.3807298386535576,0,0
1903,0.3768405900044694,0,0
1904,0.37617907208333173,0,0
1905,0.37839206274858345,0,0
1906,0.3835580017095165,0,0
1907,0.38556337974918214,0,0
1908,0.38855775395700815,0,0
1909,0.41070459082590804,0,0
1910,0.42906743707863376,0,0
1911,0.4375366770567285,0,0
1912,0.44777851204758995,0,0
1913,0.4566029948427468,0,0
1914,0.46238073676228547,0,0
1915,0.4650570957552258,0,0
1916,0.4634229446183607,0,0
1917,0.458445374492058,0,0
1918,0.4598998490702325,0,0
1919,0.4514227195157596,0,0
1920,0.4449402548104976,0,0
1921,0.448029074152743,0,0
1922,0.4471766114827866,0,0
1923,0.4519232610356666,0,0
1924,0.45474553948087904,0,0
1925,0.4548226549527319,0,0
1926,0.44982313591907036,0,0
1927,0.45162752856077937,0,0
1928,0.4503973111687448,0,0
1929,0.44812465027351284,0,0
1930,0.4455923096498616,0,0
1931,0.44607487940521,0,0
1932,0.44687997773608396,0,0
1933,0.4479335983591086,0,0
1934,0.4526178801273169,0,0
1935,0.4609614845718706,0,0
1936,0.4630261717594941,0,0
1937,0.4721393586196353,0,0
1938,0.47831217889553707,0,0
1939,0.4640765649733187,0,0
1940,0.45542691640889393,0,0
1941,0.44753741590790663,0,0
1942,0.43057634992217836,0,0
1943,0.41859121162200047,1,0
1944,0.44206847761313744,0,0
1945,0.444670644075323,0,0
1946,0.44941979530508125,0,0
1947,0.45352555127346744,0,0
1948,0.4533756233245256,0,0
1949,0.45797307423663736,0,0
1950,0.4603022359768878,0,0
1951,0.4669594198332074,0,0
1952,0.46733497565410687,0,0
1953,0.4644882059423261,0,0
1954,0.4589151227685098,0,0
1955,0.45730099719559203,0,0
1956,0.45804835984895703,0,0
1957,0.45520111602209024,0,0
1958,0.45923596779514103,0,0
1959,0.46720246785692116,0,0
1960,0.47199149280836294,0,0
1961,0.48393323353929235,0,1
1962,0.4876269234737434,0,1
1963,0.48964913105006874,0,1
1964,0.49739264861177956,0,1
1965,0.49734110513527197,0,1
1966,0.4960147328005193,0,1
1967,0.49157477570499,0,1
1968,0.48529519552407197,0,1
